employee_id,full_name,department,title,hire_date,salary,location,is_remote
2001,Ahmed Peterson,Support,Senior QA Engineer,2019-01-02,167821,Singapore,false
2002,Anna Diaz,Engineering,Senior Support Engineer,2019-01-05,165901,London,false
2003,Ryan Robinson,Finance,Financial Analyst,2019-01-07,129740,Bengaluru,false
2004,George Richardson,Legal,Senior UX Designer,2019-01-10,179143,Seattle,false
2005,Lucas Robinson,Sales,Software Engineer,2019-01-13,98525,Singapore,false
2006,Richard Edwards,Engineering,Staff Sales Representative,2019-01-16,230043,Berlin,false
2007,Fatima Ortiz,Engineering,Senior Research Scientist,2019-01-18,160460,Singapore,false
2008,Jessica Flores,Operations,Staff Data Analyst,2019-01-21,230739,Berlin,false
2009,Brian Perez,People,Senior Project Manager,2019-01-24,180670,Seattle,false
2010,Lucas Gonzalez,Design,Staff Legal Counsel,2019-01-27,232106,Remote,true
2011,Alexander Khan,Marketing,Staff Account Manager,2019-01-29,186730,Seattle,false
2012,Rachel Ali,Engineering,Senior Marketing Specialist,2019-02-01,184793,Boston,false
2013,John Brown,People,Staff Account Manager,2019-02-04,231640,Bengaluru,false
2014,Ashley Gutierrez,Design,Junior Project Manager,2019-02-07,68356,Bengaluru,false
2015,Katherine Murphy,Operations,Solutions Architect,2019-02-09,115447,Berlin,false
2016,Mei Perez,Sales,Junior Data Analyst,2019-02-12,65088,London,false
2017,Scott Reed,Engineering,Software Engineer,2019-02-15,121262,Singapore,false
2018,Jessica Rodriguez,Operations,Staff DevOps Engineer,2019-02-18,217332,London,false
2019,Nicole Johnson,Legal,Head of Research Scientist,2019-02-20,248534,Seattle,false
2020,Jacob Shah,People,Staff Technical Writer,2019-02-23,190353,Boston,false
2021,Kenneth Thompson,Design,Controller,2019-02-26,91553,Singapore,false
2022,Nancy Miller,Support,Staff Support Engineer,2019-02-28,178728,Singapore,false
2023,Barbara Phillips,Finance,Senior Customer Success Manager,2019-03-03,137961,Seattle,false
2024,George Smith,Sales,Senior Data Analyst,2019-03-06,140811,Remote,true
2025,Scott Jackson,Operations,Controller,2019-03-09,104718,Bengaluru,false
2026,Cynthia Davis,Support,Senior Account Manager,2019-03-11,131209,London,false
2027,Ronald Reyes,Design,Junior HR Coordinator,2019-03-14,77018,Berlin,false
2028,Kimberly Roberts,People,QA Engineer,2019-03-17,95923,Berlin,false
2029,Lisa Adams,Design,Solutions Architect,2019-03-20,106576,Austin,false
2030,Gary Chen,Support,Head of Controller,2019-03-22,245641,London,false
2031,Rebecca Singh,Operations,Senior Financial Analyst,2019-03-25,170732,Bengaluru,false
2032,Patricia Ortiz,Design,Staff QA Engineer,2019-03-28,182362,Singapore,false
2033,Aisha Morgan,Legal,Customer Success Manager,2019-03-31,117529,Seattle,false
2034,Deborah Scott,People,Senior Customer Success Manager,2019-04-02,148353,Berlin,false
2035,Samuel Parker,Design,Staff Recruiter,2019-04-05,205769,Austin,false
2036,Nicholas Patel,Operations,Data Analyst,2019-04-08,89109,Berlin,false
2037,Linda Jackson,Sales,Senior Account Manager,2019-04-11,177704,Bengaluru,false
2038,Gary Scott,Design,Business Analyst,2019-04-13,135981,Singapore,false
2039,Kenneth Robinson,Legal,Staff Customer Success Manager,2019-04-16,204850,Remote,true
2040,Scott Evans,Finance,Staff Marketing Specialist,2019-04-19,224847,Boston,false
2041,Joseph Nguyen,Marketing,Senior Technical Writer,2019-04-22,160431,Singapore,false
2042,Katherine Reyes,Design,Staff Financial Analyst,2019-04-24,208006,Seattle,false
2043,Paul Morales,Design,Senior Business Analyst,2019-04-27,169622,London,false
2044,Amit King,Legal,Senior Recruiter,2019-04-30,131339,Remote,true
2045,Eric Hill,Operations,Staff Content Strategist,2019-05-02,220535,Berlin,false
2046,Hana Sanchez,Marketing,Sales Representative,2019-05-05,133924,London,false
2047,Karen Wright,Finance,Legal Counsel,2019-05-08,98129,Remote,true
2048,Steven Ramos,Support,Senior Product Manager,2019-05-11,185174,Bengaluru,false
2049,Nancy Campbell,Finance,Business Analyst,2019-05-13,96676,Singapore,false
2050,Patricia Perez,People,Staff Project Manager,2019-05-16,233697,Singapore,false
2051,Kathleen Lopez,Finance,Senior Technical Writer,2019-05-19,178996,Berlin,false
2052,Joseph Mitchell,Legal,Staff Project Manager,2019-05-22,178387,Boston,false
2053,Ronald Shah,Engineering,Senior Support Engineer,2019-05-24,172951,Austin,false
2054,Jonathan Edwards,Support,Staff Business Analyst,2019-05-27,191769,Bengaluru,false
2055,Ronald Khan,Engineering,Senior Sales Representative,2019-05-30,165036,Remote,true
2056,Robert Chen,Engineering,Junior Operations Manager,2019-06-02,72460,Singapore,false
2057,Priya Jackson,Support,Senior UX Designer,2019-06-04,140410,Austin,false
2058,Olga Wilson,Sales,Head of Project Manager,2019-06-07,276575,Austin,false
2059,Jessica Turner,Engineering,Senior Customer Success Manager,2019-06-10,161072,Berlin,false
2060,Anthony Lewis,Operations,Senior Content Strategist,2019-06-13,176707,Remote,true
2061,Jacob Baker,Support,Senior Content Strategist,2019-06-15,146666,Remote,true
2062,Gary Gonzalez,Finance,Staff Sales Representative,2019-06-18,214510,London,false
2063,Charles Rodriguez,Design,Senior Recruiter,2019-06-21,149473,London,false
2064,William Green,Engineering,Product Manager,2019-06-23,113330,Bengaluru,false
2065,Benjamin Edwards,Design,Content Strategist,2019-06-26,90524,Seattle,false
2066,Edward Chen,Operations,Financial Analyst,2019-06-29,93505,Austin,false
2067,Ryan Reyes,Support,Senior Content Strategist,2019-07-02,162310,Singapore,false
2068,Robert Brown,Finance,Senior Data Analyst,2019-07-04,140642,Seattle,false
2069,Mei Collins,Operations,Head of QA Engineer,2019-07-07,252130,Singapore,false
2070,Richard Gomez,People,Staff Solutions Architect,2019-07-10,192970,Austin,false
2071,Melissa Robinson,Finance,Head of Account Manager,2019-07-13,214902,Boston,false
2072,Ronald Richardson,People,Senior Financial Analyst,2019-07-15,143278,Remote,true
2073,Daniel Perez,People,Senior Solutions Architect,2019-07-18,142646,Seattle,false
2074,Paul Stewart,Finance,Senior HR Coordinator,2019-07-21,146723,Seattle,false
2075,Andrew Shah,Support,Senior Financial Analyst,2019-07-24,170999,Austin,false
2076,Karen Wilson,Operations,Staff Customer Success Manager,2019-07-26,215616,Seattle,false
2077,Andrew Lewis,Marketing,Support Engineer,2019-07-29,129267,Berlin,false
2078,Alexander Ramos,Sales,Recruiter,2019-08-01,101034,London,false
2079,Gregory Peterson,Sales,Senior Business Analyst,2019-08-04,153871,Seattle,false
2080,Steven Wright,Design,Staff Legal Counsel,2019-08-06,213389,London,false
2081,Samantha Edwards,People,Business Analyst,2019-08-09,89245,Bengaluru,false
2082,Katherine Wang,Operations,Head of HR Coordinator,2019-08-12,248598,London,false
2083,Richard Reed,Sales,Legal Counsel,2019-08-14,104398,London,false
2084,Karen Singh,Design,Staff Project Manager,2019-08-17,210786,Austin,false
2085,Gregory Ramos,Finance,Staff Account Manager,2019-08-20,203571,London,false
2086,Melissa Wilson,Support,Staff HR Coordinator,2019-08-23,194919,Berlin,false
2087,Amanda Collins,People,Staff Research Scientist,2019-08-25,188437,Boston,false
2088,Sofia Cox,People,Junior UX Designer,2019-08-28,84415,London,false
2089,Matthew Ward,Finance,Head of Data Analyst,2019-08-31,277582,Remote,true
2090,Rachel Murphy,Marketing,Staff Research Scientist,2019-09-03,228245,Seattle,false
2091,Nicholas Rodriguez,Operations,Senior Technical Writer,2019-09-05,133341,Austin,false
2092,Debra Rivera,Design,Staff Business Analyst,2019-09-08,223977,Berlin,false
2093,Fatima Nguyen,Operations,Senior Product Manager,2019-09-11,134777,Boston,false
2094,Samantha Davis,Design,Account Manager,2019-09-14,121483,Remote,true
2095,Paul Morris,Marketing,Senior DevOps Engineer,2019-09-16,182158,London,false
2096,Mark White,Sales,Staff Office Manager,2019-09-19,212715,Remote,true
2097,Jessica Gutierrez,Operations,Support Engineer,2019-09-22,91165,Berlin,false
2098,Alexander Turner,Finance,Senior Marketing Specialist,2019-09-25,134529,Austin,false
2099,Sandra Cox,Legal,Senior Technical Writer,2019-09-27,177525,Remote,true
2100,Mei Chen,Engineering,Junior QA Engineer,2019-09-30,69232,Singapore,false
2101,Susan Diaz,Legal,DevOps Engineer,2019-10-03,122792,Austin,false
2102,Ronald Ortiz,Legal,Senior Office Manager,2019-10-06,156023,Bengaluru,false
2103,Ashley Jackson,People,Senior Marketing Specialist,2019-10-08,167461,Seattle,false
2104,Scott Ali,Engineering,Senior Technical Writer,2019-10-11,177142,Seattle,false
2105,Sandra Brown,Marketing,Senior Content Strategist,2019-10-14,162959,Austin,false
2106,Edward Robinson,Legal,Staff Operations Manager,2019-10-16,188502,Remote,true
2107,Jessica Garcia,Operations,Senior Support Engineer,2019-10-19,152887,Boston,false
2108,Sarah Reyes,People,DevOps Engineer,2019-10-22,129689,Bengaluru,false
2109,Michael Green,Engineering,Controller,2019-10-25,126244,Austin,false
2110,Timothy Allen,Support,Senior Support Engineer,2019-10-27,136461,Seattle,false
2111,Aisha Flores,Legal,Software Engineer,2019-10-30,134717,London,false
2112,Nicholas Mitchell,Sales,Support Engineer,2019-11-02,119155,London,false
2113,Charles Turner,Finance,Head of Operations Manager,2019-11-05,216943,Singapore,false
2114,Jason Flores,Design,Head of Support Engineer,2019-11-07,217901,Boston,false
2115,Amit Wilson,Support,Data Analyst,2019-11-10,112546,London,false
2116,Amy Nguyen,Engineering,Staff Marketing Specialist,2019-11-13,190633,Seattle,false
2117,Angela Adams,Engineering,Staff Operations Manager,2019-11-16,192484,Berlin,false
2118,Shirley Cox,Engineering,Software Engineer,2019-11-18,131667,London,false
2119,Larry Mitchell,Marketing,Staff Customer Success Manager,2019-11-21,215038,Remote,true
2120,Anthony Young,Support,Staff Marketing Specialist,2019-11-24,195244,Berlin,false
2121,Carlos Howard,Finance,Support Engineer,2019-11-27,134782,Austin,false
2122,Brian Torres,Finance,Head of Software Engineer,2019-11-29,261508,Bengaluru,false
2123,Cynthia Patel,Legal,Head of Business Analyst,2019-12-02,201319,Berlin,false
2124,Christine Garcia,Legal,Staff Office Manager,2019-12-05,223401,Seattle,false
2125,Patricia Parker,Sales,Junior Solutions Architect,2019-12-07,85688,Singapore,false
2126,Mark Nguyen,Operations,Head of Financial Analyst,2019-12-10,275819,Boston,false
2127,Mei Lee,Design,Staff Office Manager,2019-12-13,222634,Berlin,false
2128,Dorothy Parker,Engineering,Junior Recruiter,2019-12-16,68271,Remote,true
2129,Cynthia Williams,Finance,Senior Sales Representative,2019-12-18,167291,Remote,true
2130,Emily Peterson,Finance,Business Analyst,2019-12-21,89562,Bengaluru,false
2131,Melissa Garcia,People,Senior DevOps Engineer,2019-12-24,143597,Boston,false
2132,Ronald Morgan,Engineering,Senior Office Manager,2019-12-27,166478,Singapore,false
2133,Mark Thomas,Legal,Staff Financial Analyst,2019-12-29,191190,Singapore,false
2134,Margaret Taylor,Legal,Legal Counsel,2020-01-01,110418,Bengaluru,false
2135,Ronald Robinson,Design,Staff HR Coordinator,2020-01-04,183722,Austin,false
2136,Kimberly Walker,People,Staff Operations Manager,2020-01-07,185120,Remote,true
2137,Amit Mitchell,Legal,Senior HR Coordinator,2020-01-09,177208,Seattle,false
2138,Steven Morris,Marketing,Senior Technical Writer,2020-01-12,151537,Boston,false
2139,Angela Howard,People,Financial Analyst,2020-01-15,113741,Seattle,false
2140,Yuki Morales,Sales,Senior Legal Counsel,2020-01-18,148415,Remote,true
2141,Richard Turner,Operations,Senior UX Designer,2020-01-20,163282,Seattle,false
2142,Timothy Gonzalez,People,Data Analyst,2020-01-23,98253,Remote,true
2143,Jacob Ward,Sales,Staff QA Engineer,2020-01-26,225957,Austin,false
2144,Betty Cruz,Operations,Senior Software Engineer,2020-01-28,169139,Boston,false
2145,Angela Ali,People,Staff Customer Success Manager,2020-01-31,176632,Remote,true
2146,Carlos Rodriguez,Operations,Junior Business Analyst,2020-02-03,67231,Remote,true
2147,Susan Williams,Support,Controller,2020-02-06,93461,Seattle,false
2148,Lisa Ali,People,Junior UX Designer,2020-02-08,81415,Austin,false
2149,Samuel Thompson,Engineering,Staff QA Engineer,2020-02-11,203247,Singapore,false
2150,Carlos Cox,Engineering,Senior Data Analyst,2020-02-14,165063,Singapore,false
2151,Chloe Parker,Marketing,Data Analyst,2020-02-17,136656,Berlin,false
2152,Jessica Carter,Legal,Junior Business Analyst,2020-02-19,71245,Singapore,false
2153,Jessica Ramirez,Marketing,Senior Software Engineer,2020-02-22,145354,London,false
2154,Susan Thompson,Marketing,Junior Controller,2020-02-25,63919,Remote,true
2155,Donna Jackson,Design,Staff Solutions Architect,2020-02-28,184493,Remote,true
2156,Robert Mitchell,Operations,Senior DevOps Engineer,2020-03-01,180882,Remote,true
2157,Donna Nelson,Finance,Sales Representative,2020-03-04,134889,Berlin,false
2158,Gary Parker,Design,Technical Writer,2020-03-07,124852,Austin,false
2159,Emily Morris,Marketing,Staff HR Coordinator,2020-03-10,216657,Boston,false
2160,Stephanie Hill,Marketing,Staff QA Engineer,2020-03-12,190391,Remote,true
2161,Angela Diaz,Operations,Senior Product Manager,2020-03-15,170380,Boston,false
2162,Dorothy Baker,Finance,Senior Operations Manager,2020-03-18,151003,Seattle,false
2163,Larry Rogers,Engineering,Head of Sales Representative,2020-03-21,248427,Berlin,false
2164,Mary Diaz,Engineering,Senior Legal Counsel,2020-03-23,171050,Seattle,false
2165,Gregory Murphy,Finance,Staff Research Scientist,2020-03-26,190095,London,false
2166,Daniel Harris,Design,Head of Marketing Specialist,2020-03-29,287786,Seattle,false
2167,Elizabeth Lopez,Finance,Senior UX Designer,2020-03-31,135220,Seattle,false
2168,Shirley Davis,Sales,Staff Support Engineer,2020-04-03,175259,Seattle,false
2169,Donald Lopez,Support,Software Engineer,2020-04-06,101163,Singapore,false
2170,Donald Roberts,People,Senior Marketing Specialist,2020-04-09,163312,Remote,true
2171,Hana Flores,Sales,Senior Product Manager,2020-04-11,168404,Boston,false
2172,Donna Perez,People,Staff Software Engineer,2020-04-14,210709,Berlin,false
2173,Sofia Khan,Support,DevOps Engineer,2020-04-17,99580,Berlin,false
2174,Charles Brown,Design,Senior Product Manager,2020-04-20,143188,Austin,false
2175,Eric Williams,Sales,Senior Sales Representative,2020-04-22,146808,Boston,false
2176,Nancy Morris,Design,Sales Representative,2020-04-25,116553,Boston,false
2177,Stephanie Kumar,Legal,Senior Financial Analyst,2020-04-28,159096,Remote,true
2178,Andrew Thompson,Marketing,Senior Business Analyst,2020-05-01,181155,Boston,false
2179,Yuki Phillips,Marketing,Staff Project Manager,2020-05-03,186219,Berlin,false
2180,Linda Singh,Finance,Senior Financial Analyst,2020-05-06,184310,Austin,false
2181,Christine Miller,Sales,Senior Technical Writer,2020-05-09,182433,London,false
2182,Joseph Lee,Finance,Staff QA Engineer,2020-05-12,217694,Bengaluru,false
2183,Stephanie Hill,Design,Junior Content Strategist,2020-05-14,70441,London,false
2184,Ashley Jackson,Operations,Senior Financial Analyst,2020-05-17,176388,Seattle,false
2185,Brenda Ramos,Marketing,Staff QA Engineer,2020-05-20,207416,Austin,false
2186,Edward Campbell,Finance,Senior Solutions Architect,2020-05-22,174181,Berlin,false
2187,Deborah Roberts,Sales,Staff Research Scientist,2020-05-25,214719,Bengaluru,false
2188,Ahmed Jackson,People,Staff HR Coordinator,2020-05-28,201194,Bengaluru,false
2189,Carlos Morris,Engineering,Legal Counsel,2020-05-31,90331,Seattle,false
2190,Kenneth Morris,Finance,DevOps Engineer,2020-06-02,114122,Bengaluru,false
2191,Sofia Young,People,Senior Content Strategist,2020-06-05,130583,Austin,false
2192,Susan Garcia,Marketing,Junior DevOps Engineer,2020-06-08,78315,London,false
2193,Elizabeth Morales,Marketing,Senior Research Scientist,2020-06-11,157752,Austin,false
2194,Omar Wilson,People,Staff Software Engineer,2020-06-13,187177,Seattle,false
2195,Brenda Phillips,Finance,Product Manager,2020-06-16,124394,Berlin,false
2196,Samantha Johnson,Finance,Senior Data Analyst,2020-06-19,183155,London,false
2197,Brenda Patel,Legal,Staff Controller,2020-06-22,222711,Bengaluru,false
2198,Kevin Khan,Engineering,Senior Support Engineer,2020-06-24,135218,Bengaluru,false
2199,Yuki Cruz,Sales,Senior Customer Success Manager,2020-06-27,153071,Bengaluru,false
2200,Ivan Rodriguez,Sales,Head of Project Manager,2020-06-30,257764,Remote,true
2201,Anthony White,Legal,Senior Solutions Architect,2020-07-03,181434,Austin,false
2202,Donald Baker,Legal,Staff HR Coordinator,2020-07-05,182284,Seattle,false
2203,Jason Campbell,Marketing,Staff Recruiter,2020-07-08,174349,Seattle,false
2204,Sarah Nguyen,Legal,Staff HR Coordinator,2020-07-11,224833,Seattle,false
2205,Betty Ramirez,People,Senior DevOps Engineer,2020-07-13,147343,Boston,false
2206,Nicole Ortiz,Sales,Office Manager,2020-07-16,101647,Singapore,false
2207,Olga Kumar,Marketing,Senior Data Analyst,2020-07-19,144394,Remote,true
2208,Fatima White,Operations,Sales Representative,2020-07-22,96890,Bengaluru,false
2209,Carol Turner,Design,Senior Legal Counsel,2020-07-24,180832,Singapore,false
2210,Kathleen Collins,Support,Staff Customer Success Manager,2020-07-27,218412,Berlin,false
2211,Pamela Thompson,Design,Senior Operations Manager,2020-07-30,171109,Austin,false
2212,Nicole Garcia,People,Senior Customer Success Manager,2020-08-02,132283,Seattle,false
2213,Scott Ramos,People,Project Manager,2020-08-04,106364,Berlin,false
2214,Ryan Nelson,Legal,Staff Project Manager,2020-08-07,189435,Berlin,false
2215,Brandon Morgan,Operations,Senior DevOps Engineer,2020-08-10,154039,Bengaluru,false
2216,Wei Edwards,Finance,DevOps Engineer,2020-08-13,131838,Remote,true
2217,Betty Rogers,Sales,Head of Sales Representative,2020-08-15,217224,Boston,false
2218,Angela Baker,Legal,Staff Technical Writer,2020-08-18,213602,Singapore,false
2219,Donna Hernandez,Finance,Junior Support Engineer,2020-08-21,78673,Singapore,false
2220,Jeffrey Diaz,Engineering,Staff Sales Representative,2020-08-24,220194,Berlin,false
2221,Anthony Ramirez,People,Staff Business Analyst,2020-08-26,207645,Singapore,false
2222,Robert Flores,Support,Operations Manager,2020-08-29,110850,Bengaluru,false
2223,Paul Kelly,Support,Staff Product Manager,2020-09-01,206368,Berlin,false
2224,Betty Rivera,Sales,Staff Business Analyst,2020-09-04,207232,Seattle,false
2225,Elizabeth Rodriguez,Legal,Staff Business Analyst,2020-09-06,231546,Remote,true
2226,Laura Patel,Marketing,Staff Office Manager,2020-09-09,195118,London,false
2227,Nancy Ali,People,Junior Support Engineer,2020-09-12,66032,Seattle,false
2228,Hana Gutierrez,Finance,Senior UX Designer,2020-09-14,185535,Seattle,false
2229,Stephanie Collins,Marketing,HR Coordinator,2020-09-17,124144,Remote,true
2230,Hana Wilson,Support,Junior Controller,2020-09-20,91357,Singapore,false
2231,Angela Williams,Legal,Technical Writer,2020-09-23,93138,Boston,false
2232,Anthony Chen,Engineering,Staff Sales Representative,2020-09-25,202962,Seattle,false
2233,Barbara Young,Engineering,Junior Operations Manager,2020-09-28,68118,Bengaluru,false
2234,Anthony Cox,Legal,Staff Data Analyst,2020-10-01,184094,London,false
2235,Samantha Thomas,Finance,Senior Support Engineer,2020-10-04,131473,London,false
2236,Pamela Singh,Design,Staff Research Scientist,2020-10-06,184074,London,false
2237,Kathleen Sanchez,Sales,Controller,2020-10-09,108041,Austin,false
2238,David Taylor,Support,Senior Project Manager,2020-10-12,159427,Remote,true
2239,Brian Lewis,Design,Staff Marketing Specialist,2020-10-15,194605,Berlin,false
2240,Sharon Evans,Sales,Senior HR Coordinator,2020-10-17,136519,London,false
2241,Dorothy Lopez,Engineering,Senior Content Strategist,2020-10-20,130306,Boston,false
2242,Susan Jones,Marketing,Senior Recruiter,2020-10-23,153202,Boston,false
2243,Barbara Thompson,Design,Staff Controller,2020-10-26,186807,Austin,false
2244,Jacob Ali,Design,Data Analyst,2020-10-28,121395,Austin,false
2245,Dorothy Johnson,Finance,Staff Financial Analyst,2020-10-31,206489,Berlin,false
2246,Steven Ward,Engineering,Senior Software Engineer,2020-11-03,174055,Bengaluru,false
2247,Emma Hernandez,Legal,Support Engineer,2020-11-05,109334,Bengaluru,false
2248,Joshua Hill,Sales,Research Scientist,2020-11-08,98179,London,false
2249,Eric Cook,People,Operations Manager,2020-11-11,103903,Boston,false
2250,Amy Murphy,Engineering,Junior UX Designer,2020-11-14,90343,Singapore,false
2251,William Harris,Support,Head of DevOps Engineer,2020-11-16,200492,Austin,false
2252,John Evans,Marketing,Staff Legal Counsel,2020-11-19,226405,Bengaluru,false
2253,Edward Phillips,Sales,Senior Legal Counsel,2020-11-22,150984,Remote,true
2254,Yuki Walker,Design,UX Designer,2020-11-25,137845,Austin,false
2255,Stephen Moore,Support,Staff Marketing Specialist,2020-11-27,216526,London,false
2256,Samantha Brown,Design,Junior UX Designer,2020-11-30,85462,Singapore,false
2257,George Martin,Operations,Senior Technical Writer,2020-12-03,164009,Austin,false
2258,Ahmed Kumar,Engineering,Staff Product Manager,2020-12-06,215018,Remote,true
2259,Angela Edwards,Marketing,Solutions Architect,2020-12-08,130150,Berlin,false
2260,Betty Rodriguez,Design,Marketing Specialist,2020-12-11,88219,Singapore,false
2261,Samantha Richardson,Engineering,Head of Marketing Specialist,2020-12-14,213992,London,false
2262,Debra Martin,Sales,Senior UX Designer,2020-12-17,182230,London,false
2263,Yuki Richardson,People,Staff Financial Analyst,2020-12-19,222990,Berlin,false
2264,Elizabeth Miller,Operations,Senior Support Engineer,2020-12-22,140016,Bengaluru,false
2265,Olga Brown,People,Senior Controller,2020-12-25,171966,Boston,false
2266,Jacob Rogers,Legal,Staff Office Manager,2020-12-28,197296,London,false
2267,William Cruz,Sales,Research Scientist,2020-12-30,121117,Singapore,false
2268,Carlos Campbell,Sales,Project Manager,2021-01-02,107223,Boston,false
2269,Kenneth Richardson,Legal,Staff DevOps Engineer,2021-01-05,219031,Seattle,false
2270,Jacob Cruz,Operations,Senior HR Coordinator,2021-01-07,165509,Austin,false
2271,Lucas Anderson,Legal,Senior Customer Success Manager,2021-01-10,152263,London,false
2272,Jeffrey Ramos,Design,Senior Software Engineer,2021-01-13,140551,Berlin,false
2273,Christine Wang,Marketing,Senior Data Analyst,2021-01-16,177511,Berlin,false
2274,Mary Thompson,Marketing,Staff Content Strategist,2021-01-18,214552,London,false
2275,Olga Rivera,Operations,Senior Office Manager,2021-01-21,142326,Boston,false
2276,Anthony Garcia,Support,Senior Project Manager,2021-01-24,134804,Remote,true
2277,Thomas Robinson,Design,Head of Project Manager,2021-01-27,288023,Austin,false
2278,Steven Sanchez,Engineering,Staff Support Engineer,2021-01-29,173343,Boston,false
2279,Emily Reyes,Sales,Senior Controller,2021-02-01,167621,Seattle,false
2280,Omar King,Design,Staff DevOps Engineer,2021-02-04,196830,Austin,false
2281,Shirley Collins,Engineering,Staff Financial Analyst,2021-02-07,183744,Singapore,false
2282,Fatima Jones,Sales,Operations Manager,2021-02-09,117048,Singapore,false
2283,Brian Murphy,People,Senior Project Manager,2021-02-12,142750,Remote,true
2284,Jessica Turner,Engineering,Senior Software Engineer,2021-02-15,138170,Remote,true
2285,Barbara Thomas,People,Office Manager,2021-02-18,124175,Bengaluru,false
2286,Jonathan Gomez,Marketing,Staff HR Coordinator,2021-02-20,198033,Austin,false
2287,Kevin Patel,Legal,Senior Customer Success Manager,2021-02-23,158139,Bengaluru,false
2288,Alexander Davis,Marketing,Product Manager,2021-02-26,108314,Berlin,false
2289,Kathleen King,Support,Research Scientist,2021-02-28,132791,Seattle,false
2290,James Adams,Operations,Senior Data Analyst,2021-03-03,148878,Singapore,false
2291,Brenda Rodriguez,Marketing,Senior Office Manager,2021-03-06,155027,Singapore,false
2292,Rachel Ortiz,Engineering,Senior DevOps Engineer,2021-03-09,170319,Boston,false
2293,Brian Kumar,Marketing,Head of Marketing Specialist,2021-03-11,270573,Seattle,false
2294,Stephen Green,Finance,Staff QA Engineer,2021-03-14,221797,Bengaluru,false
2295,Susan Brown,Marketing,Marketing Specialist,2021-03-17,118734,London,false
2296,Alexander Murphy,Marketing,Senior Customer Success Manager,2021-03-20,177926,Singapore,false
2297,Edward Nguyen,Sales,Senior Research Scientist,2021-03-22,133359,Bengaluru,false
2298,John Turner,Support,Staff Data Analyst,2021-03-25,205371,Austin,false
2299,Steven Campbell,Finance,Senior Solutions Architect,2021-03-28,165234,Bengaluru,false
2300,Rebecca Turner,Support,Senior Operations Manager,2021-03-31,178836,Remote,true
2301,Benjamin Hernandez,Sales,Junior Account Manager,2021-04-02,63128,Boston,false
2302,Michelle Baker,People,Head of Project Manager,2021-04-05,251419,Bengaluru,false
2303,Mei King,Marketing,Senior Technical Writer,2021-04-08,163761,Boston,false
2304,Emma Thompson,Design,Staff Office Manager,2021-04-11,209594,Bengaluru,false
2305,Donna Bailey,Legal,Head of Research Scientist,2021-04-13,221177,Boston,false
2306,George Rivera,Operations,Senior Legal Counsel,2021-04-16,156055,Remote,true
2307,Amy Lopez,Legal,Staff Technical Writer,2021-04-19,205968,Boston,false
2308,Priya Diaz,Engineering,Senior UX Designer,2021-04-21,145649,Boston,false
2309,Deborah Cox,People,Senior Recruiter,2021-04-24,142809,Austin,false
2310,Alexander Phillips,Support,Senior Operations Manager,2021-04-27,162642,Boston,false
2311,John Turner,Operations,Controller,2021-04-30,136560,Singapore,false
2312,Nicholas Young,Support,Senior Project Manager,2021-05-02,170380,Boston,false
2313,Sharon Turner,Marketing,Staff Project Manager,2021-05-05,193199,Austin,false
2314,Eric Morales,Operations,Content Strategist,2021-05-08,108455,Boston,false
2315,Priya Flores,Finance,Controller,2021-05-11,111507,Bengaluru,false
2316,Jessica Parker,People,Staff Data Analyst,2021-05-13,184015,Austin,false
2317,Brenda Khan,Finance,DevOps Engineer,2021-05-16,112524,Seattle,false
2318,Sarah Flores,Support,Senior Research Scientist,2021-05-19,137828,Singapore,false
2319,Robert Hill,Design,Research Scientist,2021-05-22,91759,Seattle,false
2320,Shirley Williams,Engineering,Staff Support Engineer,2021-05-24,214044,Remote,true
2321,Daniel Hernandez,People,Staff Solutions Architect,2021-05-27,220576,Boston,false
2322,Karen Kumar,Sales,Software Engineer,2021-05-30,134031,Austin,false
2323,Brandon Reed,Support,Senior Operations Manager,2021-06-02,177623,Remote,true
2324,Rebecca Cruz,Operations,Legal Counsel,2021-06-04,129556,Seattle,false
2325,James Evans,People,Head of Business Analyst,2021-06-07,256938,Boston,false
2326,Thomas Thomas,Engineering,Senior Customer Success Manager,2021-06-10,141038,Austin,false
2327,Benjamin Campbell,Support,Staff Solutions Architect,2021-06-13,208569,Remote,true
2328,Aisha Wang,Legal,Junior HR Coordinator,2021-06-15,74848,Berlin,false
2329,Margaret Ortiz,Operations,Staff UX Designer,2021-06-18,206772,Berlin,false
2330,William Hall,People,Head of Business Analyst,2021-06-21,242141,Seattle,false
2331,Katherine Diaz,Marketing,Staff Sales Representative,2021-06-23,187868,Austin,false
2332,Sharon Adams,Operations,Senior Data Analyst,2021-06-26,151449,Seattle,false
2333,Omar Martin,Engineering,Office Manager,2021-06-29,98807,Remote,true
2334,Anthony Peterson,Support,Staff Controller,2021-07-02,194661,Berlin,false
2335,Kathleen Chen,Support,Staff Marketing Specialist,2021-07-04,184914,Remote,true
2336,Amit Miller,Finance,Staff Marketing Specialist,2021-07-07,214631,Seattle,false
2337,Matthew Thomas,Design,Support Engineer,2021-07-10,106727,Seattle,false
2338,Sofia Diaz,Marketing,Product Manager,2021-07-13,93939,Singapore,false
2339,Omar Chen,Finance,Senior Office Manager,2021-07-15,180937,Berlin,false
2340,William Brown,Support,Senior Product Manager,2021-07-18,164329,Singapore,false
2341,John Smith,Legal,Senior Recruiter,2021-07-21,157664,Austin,false
2342,Jeffrey Williams,Operations,Senior Marketing Specialist,2021-07-24,143055,Bengaluru,false
2343,Paul Ramos,People,Senior Account Manager,2021-07-26,172012,Seattle,false
2344,Hana Jackson,Finance,Head of Controller,2021-07-29,281308,Remote,true
2345,Amy Lewis,Design,Staff Operations Manager,2021-08-01,179722,Bengaluru,false
2346,David Wang,Marketing,Staff Customer Success Manager,2021-08-04,201994,Bengaluru,false
2347,Richard Miller,Engineering,Senior Customer Success Manager,2021-08-06,157768,London,false
2348,Barbara Nguyen,Legal,Senior Solutions Architect,2021-08-09,177390,Remote,true
2349,Robert Carter,Finance,Senior DevOps Engineer,2021-08-12,148843,London,false
2350,Robert Peterson,Engineering,Staff Data Analyst,2021-08-14,214921,Austin,false
2351,Aisha Nguyen,Engineering,Staff Software Engineer,2021-08-17,185191,Singapore,false
2352,Brian Wilson,People,Senior Software Engineer,2021-08-20,144977,Boston,false
2353,Eric Martinez,Operations,Staff Product Manager,2021-08-23,212697,Seattle,false
2354,Gary Reyes,Finance,Head of DevOps Engineer,2021-08-25,232804,Bengaluru,false
2355,Anna Martin,Marketing,Head of Operations Manager,2021-08-28,286147,Boston,false
2356,Joseph Morgan,Marketing,Senior Account Manager,2021-08-31,156726,Austin,false
2357,Kimberly Morris,Legal,Financial Analyst,2021-09-03,92690,Seattle,false
2358,Samuel Morris,People,Head of Content Strategist,2021-09-05,196577,Singapore,false
2359,Jessica Rodriguez,People,Staff Marketing Specialist,2021-09-08,227816,Boston,false
2360,Omar Wright,Sales,Staff Content Strategist,2021-09-11,186633,Bengaluru,false
2361,Priya Peterson,People,Business Analyst,2021-09-14,95882,Boston,false
2362,Paul Smith,Support,Senior Project Manager,2021-09-16,146608,Singapore,false
2363,Ivan Hernandez,Legal,Senior Marketing Specialist,2021-09-19,131685,Remote,true
2364,George Parker,Sales,Staff Research Scientist,2021-09-22,233156,Austin,false
2365,Ahmed Lee,Finance,Junior Project Manager,2021-09-25,63924,Austin,false
2366,Lucas Jackson,People,Senior HR Coordinator,2021-09-27,158776,Singapore,false
2367,Richard Wang,Support,Senior Financial Analyst,2021-09-30,153953,Seattle,false
2368,Matthew Green,Engineering,Staff Operations Manager,2021-10-03,180573,Remote,true
2369,Anna Nguyen,Finance,Account Manager,2021-10-05,121112,Seattle,false
2370,Justin Carter,Support,Research Scientist,2021-10-08,102125,Berlin,false
2371,Anna Shah,Design,Senior HR Coordinator,2021-10-11,180622,London,false
2372,Olga Richardson,Operations,Staff Business Analyst,2021-10-14,207363,Berlin,false
2373,Samuel Morris,Sales,Recruiter,2021-10-16,122149,Bengaluru,false
2374,Nicholas Reyes,Legal,Product Manager,2021-10-19,99800,London,false
2375,Susan Lee,Operations,Senior Financial Analyst,2021-10-22,165187,London,false
2376,Jeffrey Ramirez,Operations,Junior Operations Manager,2021-10-25,88533,Berlin,false
2377,Amit Harris,Marketing,Staff Recruiter,2021-10-27,207757,Berlin,false
2378,Timothy Collins,Design,Junior Support Engineer,2021-10-30,87193,Singapore,false
2379,Mary Williams,Sales,Senior Customer Success Manager,2021-11-02,177915,Seattle,false
2380,Pamela Collins,Operations,Senior Software Engineer,2021-11-05,184993,Seattle,false
2381,Nancy Robinson,Design,Software Engineer,2021-11-07,114040,Berlin,false
2382,Charles Thomas,Support,Staff Project Manager,2021-11-10,175639,Boston,false
2383,Andrew Morgan,Sales,Staff Support Engineer,2021-11-13,212845,Berlin,false
2384,Mark Kim,Design,Staff Technical Writer,2021-11-16,225759,Berlin,false
2385,Karen Rivera,Marketing,Staff Project Manager,2021-11-18,234686,Boston,false
2386,Gregory Robinson,Finance,Senior Content Strategist,2021-11-21,140576,Remote,true
2387,Brian Wright,Operations,Staff Legal Counsel,2021-11-24,234676,Austin,false
2388,Anna Ramirez,Engineering,Senior UX Designer,2021-11-27,151767,Boston,false
2389,Priya Jackson,Marketing,Senior Legal Counsel,2021-11-29,136640,Boston,false
2390,Kevin Wang,Legal,UX Designer,2021-12-02,112261,London,false
2391,Ronald Johnson,Design,Staff HR Coordinator,2021-12-05,187264,Remote,true
2392,Christine Flores,Operations,Junior Operations Manager,2021-12-07,63431,Singapore,false
2393,Andrew Allen,Operations,Senior Marketing Specialist,2021-12-10,148324,Berlin,false
2394,James Wang,Marketing,Senior Financial Analyst,2021-12-13,176070,Boston,false
2395,Joseph Ali,Operations,Staff Research Scientist,2021-12-16,178719,Bengaluru,false
2396,Kevin Rodriguez,Design,Senior Content Strategist,2021-12-18,139678,London,false
2397,Margaret Roberts,Engineering,Senior Solutions Architect,2021-12-21,175295,Seattle,false
2398,Thomas Gonzalez,Legal,Staff Customer Success Manager,2021-12-24,174784,Remote,true
2399,Fatima Stewart,Legal,Senior Support Engineer,2021-12-27,166457,Seattle,false
2400,Jonathan Williams,Legal,Senior Data Analyst,2021-12-29,174817,Boston,false
2401,Donna Hill,Finance,UX Designer,2022-01-01,91659,Singapore,false
2402,Kenneth Cooper,Sales,Senior Customer Success Manager,2022-01-04,149558,Boston,false
2403,Ronald Ramos,Marketing,Legal Counsel,2022-01-07,112708,Berlin,false
2404,George Taylor,People,Staff Controller,2022-01-09,207569,Remote,true
2405,Carol Wright,Operations,Head of Controller,2022-01-12,268284,Austin,false
2406,Benjamin Miller,Legal,Recruiter,2022-01-15,96142,London,false
2407,Carol Kim,Design,Staff Support Engineer,2022-01-18,216311,Singapore,false
2408,Angela Kumar,Marketing,Junior Marketing Specialist,2022-01-20,83656,Austin,false
2409,Aisha Hill,People,Head of Account Manager,2022-01-23,225751,London,false
2410,Jonathan Rodriguez,Marketing,Senior Technical Writer,2022-01-26,147986,Austin,false
2411,Sandra Cook,Engineering,Head of Marketing Specialist,2022-01-28,229815,Austin,false
2412,Anna Kelly,People,Customer Success Manager,2022-01-31,101436,Remote,true
2413,Debra Wright,Operations,Senior Support Engineer,2022-02-03,156084,Seattle,false
2414,Richard Moore,Finance,Senior Account Manager,2022-02-06,170875,Singapore,false
2415,Priya Ward,Engineering,Financial Analyst,2022-02-08,116993,Remote,true
2416,Nicole Rodriguez,Engineering,Senior Marketing Specialist,2022-02-11,140715,Seattle,false
2417,Rebecca Hall,People,Financial Analyst,2022-02-14,100868,Singapore,false
2418,Dorothy Hernandez,Engineering,Staff Solutions Architect,2022-02-17,205504,Boston,false
2419,John Cook,Marketing,Junior Software Engineer,2022-02-19,85280,Singapore,false
2420,Carol Moore,Legal,Staff Account Manager,2022-02-22,191518,Boston,false
2421,Aisha Thomas,Operations,Senior QA Engineer,2022-02-25,159698,London,false
2422,Omar Davis,Finance,Support Engineer,2022-02-28,106794,Berlin,false
2423,Ivan Cooper,Support,Senior Operations Manager,2022-03-02,132672,London,false
2424,Michael Scott,Marketing,Software Engineer,2022-03-05,107219,Remote,true
2425,Matthew Ward,Engineering,Staff Account Manager,2022-03-08,175340,Bengaluru,false
2426,Joshua Lewis,Operations,Head of Marketing Specialist,2022-03-11,280643,Austin,false
2427,Timothy Lee,Finance,Staff QA Engineer,2022-03-13,227289,Boston,false
2428,Joseph Hall,Sales,Staff DevOps Engineer,2022-03-16,230502,Seattle,false
2429,Amy Shah,People,Operations Manager,2022-03-19,130826,Boston,false
2430,Mary Anderson,Operations,Junior Project Manager,2022-03-21,75603,Berlin,false
2431,Joshua Taylor,Legal,Junior Sales Representative,2022-03-24,89831,Austin,false
2432,Kimberly Williams,Operations,Senior Office Manager,2022-03-27,162545,London,false
2433,Betty Lopez,Sales,Senior Support Engineer,2022-03-30,161038,Seattle,false
2434,Anthony Allen,People,Head of Content Strategist,2022-04-01,233829,Seattle,false
2435,Pamela Peterson,Design,Staff Software Engineer,2022-04-04,175095,Remote,true
2436,Gary Thomas,Support,Senior Business Analyst,2022-04-07,144488,Remote,true
2437,Gregory Torres,Marketing,Junior Research Scientist,2022-04-10,71469,Seattle,false
2438,Aisha Cooper,People,Marketing Specialist,2022-04-12,99856,London,false
2439,Nicole Campbell,Finance,Head of UX Designer,2022-04-15,282004,Bengaluru,false
2440,Stephanie Young,Legal,Staff Technical Writer,2022-04-18,203601,Austin,false
2441,Rachel Smith,Engineering,Staff Controller,2022-04-21,186850,Singapore,false
2442,Justin Wright,Design,Senior Software Engineer,2022-04-23,169349,Berlin,false
2443,Amit Howard,Design,Junior Recruiter,2022-04-26,80234,Boston,false
2444,Brenda Clark,Design,Staff Financial Analyst,2022-04-29,228222,Austin,false
2445,Ahmed Lewis,Legal,QA Engineer,2022-05-02,112567,Austin,false
2446,Barbara Stewart,Design,Staff Legal Counsel,2022-05-04,184314,Berlin,false
2447,Patricia Walker,Engineering,Senior Sales Representative,2022-05-07,168326,Boston,false
2448,Barbara Torres,Engineering,Senior HR Coordinator,2022-05-10,163585,London,false
2449,Kenneth Harris,Support,Staff HR Coordinator,2022-05-13,209609,Austin,false
2450,Richard Collins,Engineering,Solutions Architect,2022-05-15,93799,Remote,true
2451,Thomas Johnson,Engineering,Senior Recruiter,2022-05-18,144508,London,false
2452,Chloe Cox,Design,Staff Data Analyst,2022-05-21,217008,Remote,true
2453,Jason Cooper,Engineering,Staff UX Designer,2022-05-23,179645,Bengaluru,false
2454,Deborah Moore,Operations,Technical Writer,2022-05-26,96506,Remote,true
2455,Susan Brown,Legal,Head of Technical Writer,2022-05-29,251510,Austin,false
2456,Jason Hernandez,Marketing,Head of Data Analyst,2022-06-01,221917,Remote,true
2457,Rebecca Nguyen,Marketing,Staff Support Engineer,2022-06-03,232587,Seattle,false
2458,Carol Martin,Legal,Staff Financial Analyst,2022-06-06,177672,Remote,true
2459,Margaret Howard,Engineering,Staff Data Analyst,2022-06-09,184946,Bengaluru,false
2460,Nancy Peterson,Design,Senior QA Engineer,2022-06-12,155473,Seattle,false
2461,George Richardson,Sales,Solutions Architect,2022-06-14,103103,Bengaluru,false
2462,Mary Morales,Legal,Staff Legal Counsel,2022-06-17,176381,Singapore,false
2463,George Kim,People,Senior Customer Success Manager,2022-06-20,137947,Boston,false
2464,Lucas Perez,Support,Staff Legal Counsel,2022-06-23,175269,Seattle,false
2465,Timothy Gonzalez,Marketing,Head of HR Coordinator,2022-06-25,244253,Remote,true
2466,Ivan Patel,Design,Support Engineer,2022-06-28,131258,Berlin,false
2467,Ashley Reed,Support,Senior Research Scientist,2022-07-01,140951,Seattle,false
2468,Katherine Peterson,Design,Senior Sales Representative,2022-07-04,179774,Singapore,false
2469,Anthony Lee,Sales,Senior Controller,2022-07-06,175512,London,false
2470,Katherine Thompson,Operations,Head of Marketing Specialist,2022-07-09,212092,London,false
2471,Aisha Reyes,Marketing,Data Analyst,2022-07-12,128421,Singapore,false
2472,Robert Campbell,People,Sales Representative,2022-07-14,114559,Remote,true
2473,Barbara Kumar,Marketing,Senior DevOps Engineer,2022-07-17,145553,Bengaluru,false
2474,William Adams,People,Staff Sales Representative,2022-07-20,204389,Singapore,false
2475,Mary Flores,People,Office Manager,2022-07-23,124899,Boston,false
2476,Gary Williams,Engineering,Senior Account Manager,2022-07-25,178650,Berlin,false
2477,Stephen Roberts,Marketing,Recruiter,2022-07-28,112532,Singapore,false
2478,Mary Roberts,Engineering,DevOps Engineer,2022-07-31,89096,Singapore,false
2479,Sharon Sanchez,Support,Staff Legal Counsel,2022-08-03,198784,Berlin,false
2480,Aisha Diaz,People,Junior Office Manager,2022-08-05,78865,Remote,true
2481,Dorothy Davis,Support,Senior Sales Representative,2022-08-08,157807,Bengaluru,false
2482,Jennifer Gomez,Operations,Senior Project Manager,2022-08-11,141641,Bengaluru,false
2483,Jason Cook,Support,Content Strategist,2022-08-14,129932,Remote,true
2484,Jennifer Evans,Marketing,Head of Research Scientist,2022-08-16,206114,Remote,true
2485,Anthony Hill,People,Head of Business Analyst,2022-08-19,207231,Remote,true
2486,Olga Walker,Operations,Senior Technical Writer,2022-08-22,161209,London,false
2487,Richard Evans,Finance,Head of Marketing Specialist,2022-08-25,286350,Berlin,false
2488,Linda Cox,Legal,Senior Software Engineer,2022-08-27,155036,Berlin,false
2489,Amanda Patel,Operations,Junior Account Manager,2022-08-30,84844,Berlin,false
2490,Jacob Allen,Legal,Senior DevOps Engineer,2022-09-02,134534,Remote,true
2491,Wei Lewis,Finance,Senior Technical Writer,2022-09-04,131956,Berlin,false
2492,Aisha Mitchell,Design,Controller,2022-09-07,111936,Boston,false
2493,Amanda Gonzalez,Design,Senior Content Strategist,2022-09-10,153595,Bengaluru,false
2494,Justin Lee,Finance,Senior Product Manager,2022-09-13,150859,Boston,false
2495,Kevin Thompson,Sales,Staff Recruiter,2022-09-15,177654,Bengaluru,false
2496,Brandon Khan,Design,Business Analyst,2022-09-18,99739,Berlin,false
2497,Pamela Martinez,Marketing,QA Engineer,2022-09-21,101597,Austin,false
2498,Kenneth Smith,Support,Senior Data Analyst,2022-09-24,173216,London,false
2499,Brian Lewis,Support,Senior HR Coordinator,2022-09-26,160883,Remote,true
2500,Kenneth Morgan,Engineering,Staff Content Strategist,2022-09-29,173556,Austin,false
2501,Carol Phillips,Support,Senior Solutions Architect,2022-10-02,178861,Berlin,false
2502,George Wilson,Support,Senior Research Scientist,2022-10-05,176926,Singapore,false
2503,Rebecca Bailey,Operations,Staff Sales Representative,2022-10-07,233942,Austin,false
2504,Nicole Allen,People,Senior Marketing Specialist,2022-10-10,176748,Seattle,false
2505,Timothy Sanchez,Finance,QA Engineer,2022-10-13,137986,London,false
2506,Amy Carter,Support,Junior Office Manager,2022-10-16,66983,Remote,true
2507,Cynthia Cooper,Operations,Senior Account Manager,2022-10-18,164868,Austin,false
2508,Katherine Martin,Legal,Controller,2022-10-21,108035,Austin,false
2509,Yuki Gonzalez,Marketing,Head of Office Manager,2022-10-24,236036,Austin,false
2510,Brian King,Marketing,Senior Software Engineer,2022-10-27,155954,Remote,true
2511,Mary Thomas,Engineering,Solutions Architect,2022-10-29,127724,Boston,false
2512,Lisa Wilson,Legal,Data Analyst,2022-11-01,102296,Austin,false
2513,Barbara Robinson,Marketing,Senior Business Analyst,2022-11-04,163241,Seattle,false
2514,Wei Ward,Support,Customer Success Manager,2022-11-06,91594,Berlin,false
2515,Gary Smith,Engineering,Senior Controller,2022-11-09,170904,Singapore,false
2516,Angela Cruz,Sales,Operations Manager,2022-11-12,110553,Austin,false
2517,Fatima Kelly,People,Technical Writer,2022-11-15,127372,Remote,true
2518,George Thompson,Operations,Senior DevOps Engineer,2022-11-17,185893,London,false
2519,Melissa Davis,Design,Staff Content Strategist,2022-11-20,200637,Remote,true
2520,Patricia Chen,Operations,Senior Research Scientist,2022-11-23,155305,Seattle,false
2521,Omar Smith,Support,Head of Product Manager,2022-11-26,223757,Remote,true
2522,Christine Taylor,Support,Junior UX Designer,2022-11-28,83391,Boston,false
2523,Kevin Shah,Sales,Staff Support Engineer,2022-12-01,209148,Singapore,false
2524,Shirley Hall,Sales,Senior Software Engineer,2022-12-04,175237,London,false
2525,Patricia Ali,Marketing,HR Coordinator,2022-12-07,129675,Remote,true
2526,Melissa Johnson,People,Senior QA Engineer,2022-12-09,130406,London,false
2527,George Hernandez,Sales,Staff Project Manager,2022-12-12,187048,Singapore,false
2528,Melissa Gonzalez,Marketing,Senior Product Manager,2022-12-15,170631,Bengaluru,false
2529,Nicole Reyes,People,Senior Data Analyst,2022-12-18,153116,Bengaluru,false
2530,John Baker,Sales,Junior Account Manager,2022-12-20,72661,London,false
2531,Kevin Lee,Support,Senior DevOps Engineer,2022-12-23,174229,Berlin,false
2532,Richard Scott,Support,Staff Customer Success Manager,2022-12-26,197616,London,false
2533,Kenneth Richardson,Support,Senior Legal Counsel,2022-12-28,176265,Austin,false
2534,Kenneth Baker,Legal,Staff Project Manager,2022-12-31,215013,London,false
2535,Amy Jackson,Legal,Head of Customer Success Manager,2023-01-03,272611,Boston,false
2536,Sofia Cook,Engineering,Head of Marketing Specialist,2023-01-06,275882,Boston,false
2537,Christopher Ali,Marketing,Solutions Architect,2023-01-08,91231,Berlin,false
2538,Linda Mitchell,Operations,Head of Technical Writer,2023-01-11,255338,Singapore,false
2539,Samantha Williams,Marketing,Staff Data Analyst,2023-01-14,201589,Austin,false
2540,Emily Stewart,People,Senior Business Analyst,2023-01-17,185792,Seattle,false
2541,Lucas Roberts,Support,Junior Marketing Specialist,2023-01-19,71813,Bengaluru,false
2542,Ashley Gomez,Design,Senior Financial Analyst,2023-01-22,150381,Austin,false
2543,Larry Mitchell,Engineering,Senior Business Analyst,2023-01-25,148501,Seattle,false
2544,Wei Flores,Finance,Junior HR Coordinator,2023-01-28,69300,Bengaluru,false
2545,Scott Davis,Marketing,Content Strategist,2023-01-30,123202,Berlin,false
2546,Olga Jones,Engineering,Junior QA Engineer,2023-02-02,73350,Seattle,false
2547,Chloe Lewis,Operations,Staff Marketing Specialist,2023-02-05,184067,Austin,false
2548,Linda Morris,Operations,Staff Product Manager,2023-02-08,200479,Seattle,false
2549,Scott Patel,Sales,Head of Financial Analyst,2023-02-10,277752,Berlin,false
2550,Fatima Jones,Sales,Senior Financial Analyst,2023-02-13,172771,Bengaluru,false
2551,Jason Scott,Operations,Junior Legal Counsel,2023-02-16,91591,Remote,true
2552,Lisa Garcia,People,Senior Solutions Architect,2023-02-18,179808,Berlin,false
2553,Steven Jackson,Operations,Senior Product Manager,2023-02-21,149198,Bengaluru,false
2554,Ryan Carter,Engineering,Financial Analyst,2023-02-24,103156,Bengaluru,false
2555,Ashley Lewis,Legal,Staff Business Analyst,2023-02-27,196385,Berlin,false
2556,Betty Peterson,Engineering,Staff Recruiter,2023-03-01,175327,Boston,false
2557,Elizabeth Kumar,Finance,Senior Recruiter,2023-03-04,149929,Boston,false
2558,Ashley Ortiz,Operations,Legal Counsel,2023-03-07,98285,London,false
2559,Rebecca Hill,People,Research Scientist,2023-03-10,106769,London,false
2560,William Morgan,Sales,Junior Data Analyst,2023-03-12,69567,Boston,false
2561,Barbara Robinson,Design,Marketing Specialist,2023-03-15,111087,London,false
2562,James Thomas,Design,HR Coordinator,2023-03-18,105171,Remote,true
2563,Betty Lee,Operations,Senior DevOps Engineer,2023-03-21,180170,Boston,false
2564,Gary Jones,People,Senior Research Scientist,2023-03-23,136098,London,false
2565,James Lewis,People,Junior DevOps Engineer,2023-03-26,91810,Singapore,false
2566,Susan Morgan,Design,Content Strategist,2023-03-29,113799,Berlin,false
2567,Christopher Bailey,Engineering,Controller,2023-04-01,89593,Boston,false
2568,Benjamin Mitchell,People,Staff Controller,2023-04-03,175728,Austin,false
2569,Gary Khan,Operations,Staff Recruiter,2023-04-06,233011,Bengaluru,false
2570,Aisha Flores,Engineering,Operations Manager,2023-04-09,101092,Singapore,false
2571,Sarah Anderson,Marketing,Head of Technical Writer,2023-04-12,233311,Boston,false
2572,Omar Hall,Finance,Senior Support Engineer,2023-04-14,169320,London,false
2573,Chloe Edwards,Marketing,Head of Operations Manager,2023-04-17,197324,Boston,false
2574,Amanda Lee,Finance,Staff Marketing Specialist,2023-04-20,198055,Berlin,false
2575,Aisha Patel,Design,Senior Content Strategist,2023-04-22,161125,Remote,true
2576,Jason Robinson,Operations,Staff DevOps Engineer,2023-04-25,203724,Austin,false
2577,Anthony Ramos,Operations,Staff Sales Representative,2023-04-28,187576,Seattle,false
2578,Gregory Martinez,Support,Support Engineer,2023-05-01,90808,Berlin,false
2579,Patricia Shah,Engineering,Staff Recruiter,2023-05-03,223946,Bengaluru,false
2580,David Gutierrez,Finance,Staff Project Manager,2023-05-06,191655,London,false
2581,Omar Garcia,Sales,Financial Analyst,2023-05-09,112035,Austin,false
2582,Thomas Jackson,Marketing,Senior Legal Counsel,2023-05-12,170836,Singapore,false
2583,Kevin Rodriguez,Legal,Senior Financial Analyst,2023-05-14,177217,Bengaluru,false
2584,Anna Jones,People,Senior Marketing Specialist,2023-05-17,171389,Seattle,false
2585,William Rogers,Support,Legal Counsel,2023-05-20,125870,Remote,true
2586,Matthew Ramos,Sales,Senior DevOps Engineer,2023-05-23,135693,Remote,true
2587,Christine Nguyen,Support,Senior Office Manager,2023-05-25,136721,Austin,false
2588,Richard Ramos,Design,Staff Financial Analyst,2023-05-28,226552,Seattle,false
2589,Edward Campbell,Engineering,Senior QA Engineer,2023-05-31,158791,Boston,false
2590,Brenda Stewart,Engineering,Senior Account Manager,2023-06-03,161373,Remote,true
2591,Rebecca Howard,Sales,Senior Support Engineer,2023-06-05,153090,Bengaluru,false
2592,Brandon Smith,Operations,Senior Office Manager,2023-06-08,161570,Berlin,false
2593,Jonathan Reyes,Marketing,Staff Technical Writer,2023-06-11,232705,Bengaluru,false
2594,Justin Allen,People,Marketing Specialist,2023-06-13,126393,London,false
2595,Charles Thompson,Legal,Staff Operations Manager,2023-06-16,200491,London,false
2596,Chloe Moore,Support,Senior Project Manager,2023-06-19,161559,Berlin,false
2597,Charles Moore,People,Senior Product Manager,2023-06-22,157748,Remote,true
2598,Charles Chen,Engineering,Junior Recruiter,2023-06-24,88681,Seattle,false
2599,Anna Hill,Support,Senior Support Engineer,2023-06-27,139102,Seattle,false
2600,Matthew Brown,People,Senior UX Designer,2023-06-30,168460,Austin,false
2601,Melissa Ramirez,Legal,Senior Account Manager,2023-07-03,141874,Remote,true
2602,Hana Singh,Engineering,Project Manager,2023-07-05,93828,Remote,true
2603,James Thomas,Finance,Senior UX Designer,2023-07-08,152160,Bengaluru,false
2604,Jessica Young,Legal,Research Scientist,2023-07-11,132257,Boston,false
2605,Michelle Singh,Operations,Solutions Architect,2023-07-14,91265,Austin,false
2606,Steven Chen,Marketing,Senior QA Engineer,2023-07-16,183728,London,false
2607,Carlos Ward,Engineering,Senior UX Designer,2023-07-19,181465,London,false
2608,Mei Harris,Design,Head of Customer Success Manager,2023-07-22,289723,Remote,true
2609,Richard Gonzalez,Support,Senior Recruiter,2023-07-25,145991,Boston,false
2610,Margaret Scott,Design,Junior Operations Manager,2023-07-27,80630,Berlin,false
2611,Amy Anderson,Marketing,Senior UX Designer,2023-07-30,164655,Bengaluru,false
2612,Betty Kim,Engineering,Staff Solutions Architect,2023-08-02,196197,Seattle,false
2613,Charles Gonzalez,Sales,Senior Account Manager,2023-08-04,166726,London,false
2614,Emily Parker,Sales,Senior Recruiter,2023-08-07,160573,Remote,true
2615,David Hall,Sales,Head of Technical Writer,2023-08-10,230205,Boston,false
2616,Brandon Williams,Legal,Senior HR Coordinator,2023-08-13,177082,London,false
2617,James Cruz,Finance,Senior Financial Analyst,2023-08-15,178865,Singapore,false
2618,Samantha Smith,Engineering,Staff HR Coordinator,2023-08-18,184807,London,false
2619,Anna Cooper,People,Senior Marketing Specialist,2023-08-21,182321,London,false
2620,Rebecca Thompson,Engineering,Business Analyst,2023-08-24,123307,London,false
2621,Stephen Robinson,Engineering,Staff Research Scientist,2023-08-26,174310,Seattle,false
2622,Wei Thomas,Engineering,Staff Financial Analyst,2023-08-29,180086,Bengaluru,false
2623,Margaret Cooper,Engineering,Support Engineer,2023-09-01,107379,London,false
2624,Aisha Patel,Operations,Junior Research Scientist,2023-09-04,88758,Boston,false
2625,Daniel Garcia,Finance,Senior Software Engineer,2023-09-06,161059,Berlin,false
2626,Alexander Peterson,Design,Software Engineer,2023-09-09,137064,Remote,true
2627,Nancy Reyes,Finance,Senior Operations Manager,2023-09-12,155852,Singapore,false
2628,Thomas Baker,Engineering,Recruiter,2023-09-15,132104,Austin,false
2629,Donna Smith,Marketing,Junior Support Engineer,2023-09-17,68590,Singapore,false
2630,Brian Green,Design,Senior Data Analyst,2023-09-20,138299,Berlin,false
2631,Ivan Johnson,Support,Staff Project Manager,2023-09-23,233821,Boston,false
2632,Joshua Scott,Engineering,Head of Research Scientist,2023-09-26,239730,Remote,true
2633,Mei Turner,Finance,Staff Solutions Architect,2023-09-28,203464,London,false
2634,Samuel Ward,Sales,Senior Data Analyst,2023-10-01,174572,Boston,false
2635,David Ortiz,People,Senior Marketing Specialist,2023-10-04,159666,Boston,false
2636,Michael Sanchez,People,Senior Content Strategist,2023-10-06,174253,Seattle,false
2637,Timothy Diaz,Legal,Solutions Architect,2023-10-09,90443,Singapore,false
2638,Sharon Peterson,Sales,Senior Solutions Architect,2023-10-12,165027,Berlin,false
2639,Kathleen King,Sales,Office Manager,2023-10-15,110418,London,false
2640,Andrew Cox,Finance,Senior Product Manager,2023-10-17,139918,Remote,true
2641,Hana Cox,Engineering,Senior QA Engineer,2023-10-20,158455,Austin,false
2642,Ryan Martinez,Operations,Staff Sales Representative,2023-10-23,223988,Seattle,false
2643,Kathleen Walker,Sales,Senior Solutions Architect,2023-10-26,177220,Remote,true
2644,Brian Sanchez,Support,Staff DevOps Engineer,2023-10-28,212939,Remote,true
2645,Dorothy Thomas,Legal,DevOps Engineer,2023-10-31,135604,Seattle,false
2646,Emma Hernandez,Operations,Senior UX Designer,2023-11-03,151978,Austin,false
2647,Jonathan Nguyen,People,Senior Technical Writer,2023-11-06,176614,Boston,false
2648,Laura Lopez,Engineering,Staff Software Engineer,2023-11-08,227426,Boston,false
2649,Yuki Wilson,People,Junior Financial Analyst,2023-11-11,87274,Seattle,false
2650,Gregory Cox,Marketing,Junior Technical Writer,2023-11-14,71886,London,false
2651,Melissa Rivera,People,Senior Legal Counsel,2023-11-17,175514,Singapore,false
2652,Michael Cox,Sales,QA Engineer,2023-11-19,109886,Bengaluru,false
2653,Kimberly Cox,Sales,Senior Account Manager,2023-11-22,155164,Boston,false
2654,Sharon Lee,Sales,Senior DevOps Engineer,2023-11-25,152942,Boston,false
2655,Anthony Hernandez,Sales,Senior HR Coordinator,2023-11-27,131023,Berlin,false
2656,Wei Ward,Marketing,Business Analyst,2023-11-30,123371,Berlin,false
2657,Betty Adams,Finance,Senior Office Manager,2023-12-03,154383,London,false
2658,Stephen Nguyen,Engineering,Staff Controller,2023-12-06,230670,Boston,false
2659,Jessica Campbell,Support,Senior Content Strategist,2023-12-08,162151,Remote,true
2660,Aisha Kelly,Design,Legal Counsel,2023-12-11,108342,Berlin,false
2661,Jennifer Walker,Design,Technical Writer,2023-12-14,126231,Remote,true
2662,Emily Harris,People,Marketing Specialist,2023-12-17,101104,Seattle,false
2663,Sarah Turner,Design,Staff Project Manager,2023-12-19,183269,Boston,false
2664,Deborah Diaz,Operations,Staff Marketing Specialist,2023-12-22,176702,Seattle,false
2665,Brenda Peterson,Sales,Senior Software Engineer,2023-12-25,145255,Bengaluru,false
2666,Emma Morgan,Legal,Staff Sales Representative,2023-12-28,224247,Bengaluru,false
2667,David Carter,Legal,Senior Operations Manager,2023-12-30,169932,London,false
2668,Deborah Williams,Legal,Senior QA Engineer,2024-01-02,147998,Bengaluru,false
2669,Daniel Peterson,Support,Head of Account Manager,2024-01-05,249280,London,false
2670,Emily Khan,Operations,Business Analyst,2024-01-08,135488,Remote,true
2671,Rebecca Carter,Sales,Senior Solutions Architect,2024-01-10,185234,Remote,true
2672,Nicole Carter,Design,Operations Manager,2024-01-13,96757,Bengaluru,false
2673,Yuki King,Operations,Head of Data Analyst,2024-01-16,227178,Berlin,false
2674,George Stewart,Finance,Senior Software Engineer,2024-01-18,155537,Boston,false
2675,Hana Jones,Marketing,Staff Account Manager,2024-01-21,196008,London,false
2676,Nicholas Perez,Finance,Senior HR Coordinator,2024-01-24,153965,Bengaluru,false
2677,Mary Howard,Operations,Senior Financial Analyst,2024-01-27,160631,Remote,true
2678,Nicole Reyes,Legal,Staff Content Strategist,2024-01-29,228223,Remote,true
2679,Deborah Evans,Sales,Senior Project Manager,2024-02-01,148277,Berlin,false
2680,Samuel Phillips,Operations,Customer Success Manager,2024-02-04,114327,Berlin,false
2681,Michael Howard,Marketing,Financial Analyst,2024-02-07,124917,Bengaluru,false
2682,Edward Morgan,Design,Staff Research Scientist,2024-02-09,197445,Boston,false
2683,Ahmed Bailey,Finance,Staff Technical Writer,2024-02-12,226347,London,false
2684,Amanda Cooper,Engineering,Staff Software Engineer,2024-02-15,217119,London,false
2685,Linda Flores,Marketing,Senior UX Designer,2024-02-18,148657,London,false
2686,Mark Bailey,Legal,Junior Solutions Architect,2024-02-20,66295,Bengaluru,false
2687,Thomas Adams,People,Staff DevOps Engineer,2024-02-23,211678,Austin,false
2688,Rachel Campbell,Marketing,Senior Customer Success Manager,2024-02-26,170501,Seattle,false
2689,Brian Wilson,Legal,Senior Product Manager,2024-02-29,154304,Boston,false
2690,Steven Cruz,Operations,Account Manager,2024-03-02,95617,Remote,true
2691,Deborah Jones,Sales,Senior Customer Success Manager,2024-03-05,180262,London,false
2692,Dorothy Smith,Legal,Junior Business Analyst,2024-03-08,77110,Remote,true
2693,Rachel Hill,Legal,Staff Content Strategist,2024-03-11,206437,Austin,false
2694,Deborah Reyes,Legal,Staff Product Manager,2024-03-13,187596,Boston,false
2695,Amy Rodriguez,Sales,Staff Support Engineer,2024-03-16,175760,Seattle,false
2696,Joshua Patel,Operations,Staff Business Analyst,2024-03-19,224224,Austin,false
2697,Aisha Harris,Operations,Junior Marketing Specialist,2024-03-21,67507,Boston,false
2698,Ivan Roberts,Design,Junior Office Manager,2024-03-24,87269,Singapore,false
2699,David Jackson,Legal,Senior Legal Counsel,2024-03-27,138094,Berlin,false
2700,Sarah Kelly,Marketing,Account Manager,2024-03-30,134499,Seattle,false
2701,Christopher Young,Sales,Senior QA Engineer,2024-04-01,181358,Remote,true
2702,Brian Cook,Sales,Staff Legal Counsel,2024-04-04,192319,London,false
2703,Betty Cook,Operations,Controller,2024-04-07,128481,Berlin,false
2704,Samuel Martinez,Marketing,Senior Legal Counsel,2024-04-10,180888,Singapore,false
2705,Kathleen Campbell,Finance,Staff Controller,2024-04-12,174616,Remote,true
2706,Jessica Morris,Engineering,Senior Data Analyst,2024-04-15,182730,Singapore,false
2707,Thomas Smith,Sales,Head of Office Manager,2024-04-18,280186,Remote,true
2708,Mei Richardson,Marketing,Marketing Specialist,2024-04-21,130622,Berlin,false
2709,Melissa Ward,People,Content Strategist,2024-04-23,88637,Berlin,false
2710,Deborah Rogers,People,Staff Controller,2024-04-26,234403,London,false
2711,Kevin Robinson,Finance,Senior DevOps Engineer,2024-04-29,149745,Bengaluru,false
2712,Michelle Khan,Sales,Senior Solutions Architect,2024-05-02,144332,Austin,false
2713,Anthony White,Finance,Senior Support Engineer,2024-05-04,155386,Seattle,false
2714,Lucas Cooper,Legal,Staff Controller,2024-05-07,200404,Remote,true
2715,Michael Phillips,Design,Staff Business Analyst,2024-05-10,217676,Bengaluru,false
2716,Mary Johnson,Support,Staff Financial Analyst,2024-05-12,223812,Austin,false
2717,Richard Phillips,Marketing,Senior HR Coordinator,2024-05-15,176287,Remote,true
2718,Sharon Harris,Support,Senior Legal Counsel,2024-05-18,146753,Austin,false
2719,John Ramos,Support,Senior Marketing Specialist,2024-05-21,145341,Berlin,false
2720,Amanda Taylor,Legal,QA Engineer,2024-05-23,127992,Berlin,false
2721,Anthony Patel,Sales,Research Scientist,2024-05-26,92956,Bengaluru,false
2722,Michelle Martinez,Legal,Senior Legal Counsel,2024-05-29,164859,Boston,false
2723,Benjamin Khan,Support,Staff Product Manager,2024-06-01,234596,Austin,false
2724,Brian Ramos,People,Staff DevOps Engineer,2024-06-03,186616,Singapore,false
2725,Thomas Parker,Operations,Junior Marketing Specialist,2024-06-06,88647,Boston,false
2726,Aisha Johnson,Engineering,Senior Customer Success Manager,2024-06-09,145197,London,false
2727,Edward Anderson,Legal,Staff Business Analyst,2024-06-12,193831,Seattle,false
2728,Karen Rogers,Finance,Senior Support Engineer,2024-06-14,173908,Boston,false
2729,Justin Peterson,Finance,Senior Account Manager,2024-06-17,164781,London,false
2730,Susan Ward,Legal,Senior Account Manager,2024-06-20,174753,Bengaluru,false
2731,Kevin Baker,Finance,Senior Financial Analyst,2024-06-23,170378,Boston,false
2732,Ronald Rogers,Operations,Senior Technical Writer,2024-06-25,142728,London,false
2733,Steven Young,People,Controller,2024-06-28,119864,Austin,false
2734,Lisa Martinez,Marketing,Legal Counsel,2024-07-01,137214,Bengaluru,false
2735,Michael Hall,Engineering,Head of Controller,2024-07-03,195343,London,false
2736,Wei Ramos,Operations,Senior Sales Representative,2024-07-06,150371,Boston,false
2737,Scott Martinez,Operations,Senior Financial Analyst,2024-07-09,167109,Remote,true
2738,Ashley Walker,Legal,Staff Support Engineer,2024-07-12,186551,Austin,false
2739,Anna Nguyen,Sales,Senior Project Manager,2024-07-14,158893,Berlin,false
2740,Jennifer Lee,Finance,Senior Content Strategist,2024-07-17,135113,Singapore,false
2741,Paul Phillips,Design,Sales Representative,2024-07-20,114165,London,false
2742,Mei Cox,Engineering,QA Engineer,2024-07-23,95043,London,false
2743,Michael Sanchez,Support,Senior Legal Counsel,2024-07-25,142948,Singapore,false
2744,Larry Collins,Finance,Senior UX Designer,2024-07-28,175270,Berlin,false
2745,Melissa Davis,Design,Senior Controller,2024-07-31,149345,Austin,false
2746,Donna Nguyen,People,Senior Customer Success Manager,2024-08-03,163169,Berlin,false
2747,Nancy Taylor,Sales,Head of QA Engineer,2024-08-05,195034,Remote,true
2748,Emma Harris,Marketing,Senior Recruiter,2024-08-08,151075,Berlin,false
2749,Robert Lopez,Operations,Head of Customer Success Manager,2024-08-11,251819,Berlin,false
2750,Joshua Rodriguez,Support,Staff Research Scientist,2024-08-14,213093,Remote,true
2751,Christine Thomas,Marketing,Senior Technical Writer,2024-08-16,166955,Seattle,false
2752,Sharon Sanchez,Design,Staff Business Analyst,2024-08-19,186284,Seattle,false
2753,Nicole Johnson,People,Senior Account Manager,2024-08-22,134320,Berlin,false
2754,Margaret Peterson,Finance,Senior DevOps Engineer,2024-08-25,176701,Seattle,false
2755,Joseph Clark,Sales,Junior Project Manager,2024-08-27,84744,Singapore,false
2756,Laura Cooper,Marketing,Head of Financial Analyst,2024-08-30,269550,Singapore,false
2757,Barbara Nelson,Sales,Junior Office Manager,2024-09-02,85197,Austin,false
2758,Amanda Peterson,Finance,Staff HR Coordinator,2024-09-04,197582,Singapore,false
2759,Olga Morales,Legal,Head of DevOps Engineer,2024-09-07,217520,London,false
2760,Mary Patel,Legal,Staff Technical Writer,2024-09-10,199865,Berlin,false
2761,Mary Garcia,Marketing,Product Manager,2024-09-13,93572,Seattle,false
2762,Priya Smith,Legal,Customer Success Manager,2024-09-15,126525,Berlin,false
2763,Barbara Murphy,People,Junior Financial Analyst,2024-09-18,63920,Boston,false
2764,Carlos Shah,Sales,Senior Marketing Specialist,2024-09-21,132848,Austin,false
2765,Sofia Wright,Finance,Legal Counsel,2024-09-24,91472,Bengaluru,false
2766,Michael Carter,Design,Senior Project Manager,2024-09-26,182933,Seattle,false
2767,Susan Davis,Legal,Senior UX Designer,2024-09-29,185132,Singapore,false
2768,Nicole Hernandez,Legal,Staff Marketing Specialist,2024-10-02,190101,Bengaluru,false
2769,Amit Turner,Legal,Product Manager,2024-10-05,121186,London,false
2770,Elizabeth Adams,Finance,Support Engineer,2024-10-07,104275,Bengaluru,false
2771,Scott Bailey,Legal,Content Strategist,2024-10-10,93883,Remote,true
2772,Carol Roberts,Operations,Senior UX Designer,2024-10-13,184911,Berlin,false
2773,Mary Lee,Legal,Senior Project Manager,2024-10-16,184140,Bengaluru,false
2774,David Taylor,People,Senior Financial Analyst,2024-10-18,133032,Austin,false
2775,Samantha White,Support,Head of Marketing Specialist,2024-10-21,231231,Bengaluru,false
2776,John Martinez,Design,Junior Solutions Architect,2024-10-24,84759,London,false
2777,Jason Ramos,Design,Staff Customer Success Manager,2024-10-26,188321,Austin,false
2778,Daniel Ali,Operations,Senior Customer Success Manager,2024-10-29,164618,Austin,false
2779,Dorothy Turner,Design,Senior Marketing Specialist,2024-11-01,131978,Boston,false
2780,Jennifer Garcia,Engineering,Senior Marketing Specialist,2024-11-04,167301,Seattle,false
2781,Amy Campbell,Sales,Staff Financial Analyst,2024-11-06,191567,Singapore,false
2782,Jennifer Parker,Sales,Senior Technical Writer,2024-11-09,133256,Berlin,false
2783,Christopher Hall,Legal,Staff Software Engineer,2024-11-12,211856,Bengaluru,false
2784,Matthew Martinez,People,Head of Sales Representative,2024-11-15,234709,Bengaluru,false
2785,Eric Martinez,Engineering,Product Manager,2024-11-17,123484,Berlin,false
2786,Melissa Cruz,Sales,Senior Customer Success Manager,2024-11-20,131848,Seattle,false
2787,Carlos Nguyen,Engineering,Senior Software Engineer,2024-11-23,173012,Bengaluru,false
2788,Jason Cox,Engineering,Staff Operations Manager,2024-11-26,230131,Seattle,false
2789,Michelle Harris,People,Senior Technical Writer,2024-11-28,177314,Seattle,false
2790,Daniel Walker,Operations,Software Engineer,2024-12-01,110142,Austin,false
2791,Mary Shah,Finance,Staff Technical Writer,2024-12-04,190133,Berlin,false
2792,Ahmed Hall,Marketing,Senior DevOps Engineer,2024-12-07,182576,Boston,false
2793,Emily Allen,Sales,Senior Project Manager,2024-12-09,159643,Seattle,false
2794,Carol Nguyen,Operations,Legal Counsel,2024-12-12,100661,Bengaluru,false
2795,Scott Perez,Engineering,Senior UX Designer,2024-12-15,169668,Boston,false
2796,Rachel Smith,Sales,Staff Content Strategist,2024-12-18,227668,Berlin,false
2797,Brenda Hall,People,Junior Product Manager,2024-12-20,75067,Seattle,false
2798,Eric Kim,Design,Staff Legal Counsel,2024-12-23,223299,Seattle,false
2799,Margaret Cooper,Sales,Financial Analyst,2024-12-26,135056,Bengaluru,false
2800,Kenneth Diaz,Sales,Senior Legal Counsel,2024-12-28,150256,Austin,false
2801,Kevin Morales,People,Senior Marketing Specialist,2024-12-31,152554,Boston,false
2802,Lucas Cook,Design,Head of QA Engineer,2025-01-03,288572,Bengaluru,false
2803,Robert Hill,Sales,Staff Solutions Architect,2025-01-06,218079,Bengaluru,false
2804,George Taylor,People,Senior Marketing Specialist,2025-01-08,137549,Bengaluru,false
2805,Ryan Patel,Engineering,Senior QA Engineer,2025-01-11,175893,Boston,false
2806,Rachel Murphy,Marketing,Business Analyst,2025-01-14,112565,Bengaluru,false
2807,Matthew Baker,Support,Support Engineer,2025-01-17,112416,Boston,false
2808,Wei Carter,Support,Junior Technical Writer,2025-01-19,78118,Berlin,false
2809,Priya Wang,Legal,Junior Controller,2025-01-22,71668,Austin,false
2810,Ryan Cooper,Finance,Senior Technical Writer,2025-01-25,164465,Austin,false
2811,Priya Nguyen,Legal,Senior HR Coordinator,2025-01-28,175261,London,false
2812,Daniel Turner,People,Staff Legal Counsel,2025-01-30,202498,Bengaluru,false
2813,Larry Ortiz,Operations,Staff Financial Analyst,2025-02-02,231790,Austin,false
2814,Carlos Rogers,Operations,Recruiter,2025-02-05,133670,Remote,true
2815,Amit Nguyen,People,Staff Product Manager,2025-02-08,181572,Boston,false
2816,Charles Garcia,Operations,Senior UX Designer,2025-02-10,157146,Singapore,false
2817,Debra Robinson,Marketing,Data Analyst,2025-02-13,103094,Seattle,false
2818,Justin Young,Operations,Senior Product Manager,2025-02-16,173579,Berlin,false
2819,Mei Howard,Engineering,Staff Sales Representative,2025-02-18,220757,Bengaluru,false
2820,Paul Carter,Design,Senior Content Strategist,2025-02-21,135590,Seattle,false
2821,Omar Scott,Engineering,Head of UX Designer,2025-02-24,242084,Boston,false
2822,Melissa Cox,People,Staff Sales Representative,2025-02-27,221966,Remote,true
2823,Priya Davis,Sales,Senior Product Manager,2025-03-01,157386,Berlin,false
2824,Wei Martinez,Support,Senior HR Coordinator,2025-03-04,170858,Boston,false
2825,Mark Cooper,Engineering,Senior QA Engineer,2025-03-07,145549,Berlin,false
2826,Deborah Brown,Legal,Senior Content Strategist,2025-03-10,175169,London,false
2827,Rachel Kumar,Legal,Senior Office Manager,2025-03-12,181111,Boston,false
2828,Jonathan Phillips,Finance,Senior Technical Writer,2025-03-15,135119,Berlin,false
2829,Mei Flores,Design,Senior HR Coordinator,2025-03-18,162698,Boston,false
2830,Michael Clark,Legal,Senior Business Analyst,2025-03-21,172266,Remote,true
2831,Sandra Khan,People,Staff UX Designer,2025-03-23,212678,Austin,false
2832,Anthony Morgan,Design,Staff Account Manager,2025-03-26,181055,Berlin,false
2833,Robert Hernandez,Engineering,Technical Writer,2025-03-29,96097,Berlin,false
2834,Paul Mitchell,Legal,Senior Marketing Specialist,2025-04-01,130306,Austin,false
2835,Michael Jones,Sales,Senior UX Designer,2025-04-03,179125,Austin,false
2836,Angela Davis,Finance,Senior QA Engineer,2025-04-06,150399,Bengaluru,false
2837,Larry Gonzalez,Operations,Project Manager,2025-04-09,106923,Seattle,false
2838,Kathleen Stewart,Marketing,Junior Financial Analyst,2025-04-11,80227,Seattle,false
2839,Mark Martin,Design,DevOps Engineer,2025-04-14,105805,Remote,true
2840,Jessica Stewart,Legal,Senior Sales Representative,2025-04-17,163970,Berlin,false
2841,Susan Baker,Finance,Marketing Specialist,2025-04-20,126225,Berlin,false
2842,Steven Taylor,Operations,Head of Technical Writer,2025-04-22,265415,Bengaluru,false
2843,Ashley Campbell,Operations,Data Analyst,2025-04-25,123163,Bengaluru,false
2844,Kenneth Flores,Operations,Content Strategist,2025-04-28,133785,Seattle,false
2845,Amanda Jackson,Legal,Staff Project Manager,2025-05-01,219491,Berlin,false
2846,Brandon Walker,Legal,Senior Controller,2025-05-03,146143,Seattle,false
2847,Pamela Cruz,People,Senior Business Analyst,2025-05-06,180289,Bengaluru,false
2848,Betty Hill,Operations,Staff Sales Representative,2025-05-09,207414,Singapore,false
2849,Olga Stewart,Support,Senior DevOps Engineer,2025-05-12,132846,Seattle,false
2850,Anthony Davis,Engineering,Project Manager,2025-05-14,105828,Singapore,false
2851,Priya Phillips,People,Senior Technical Writer,2025-05-17,152956,Austin,false
2852,Anthony Garcia,Design,Content Strategist,2025-05-20,106017,Bengaluru,false
2853,Wei Baker,Design,Legal Counsel,2025-05-23,137083,Singapore,false
2854,Kenneth Lopez,Support,Senior UX Designer,2025-05-25,131805,London,false
2855,Olga Allen,Sales,Research Scientist,2025-05-28,93327,Remote,true
2856,Edward Lewis,Engineering,Senior Sales Representative,2025-05-31,151428,Berlin,false
2857,Amit Brown,Legal,Head of DevOps Engineer,2025-06-03,216785,Austin,false
2858,Ronald Edwards,Marketing,Senior Controller,2025-06-05,132000,Bengaluru,false
2859,Kenneth Campbell,Finance,Senior Legal Counsel,2025-06-08,154726,Austin,false
2860,Ahmed Kelly,People,Staff Software Engineer,2025-06-11,184251,London,false
2861,Dorothy Nelson,Support,Senior HR Coordinator,2025-06-13,170409,London,false
2862,Eric Howard,Engineering,Senior Solutions Architect,2025-06-16,146100,Seattle,false
2863,Wei King,Engineering,Research Scientist,2025-06-19,135346,Remote,true
2864,Kimberly Kumar,Operations,Staff Office Manager,2025-06-22,172024,Boston,false
2865,Ahmed Ali,Legal,Head of Office Manager,2025-06-24,260866,Berlin,false
2866,Jessica Brown,Engineering,Staff Financial Analyst,2025-06-27,186013,Singapore,false
2867,Samuel Kelly,Engineering,Software Engineer,2025-06-30,137832,London,false
2868,Carlos Lee,People,UX Designer,2025-07-03,95207,Austin,false
2869,Christine Phillips,Sales,Staff Recruiter,2025-07-05,220814,Seattle,false
2870,Sandra Brown,Legal,Junior Business Analyst,2025-07-08,88381,Boston,false
2871,Jonathan Martin,Engineering,Sales Representative,2025-07-11,109885,Boston,false
2872,Brenda Patel,Engineering,Legal Counsel,2025-07-14,108786,Seattle,false
2873,Pamela Roberts,Design,Staff Software Engineer,2025-07-16,225502,Berlin,false
2874,Pamela Thomas,Operations,Senior Financial Analyst,2025-07-19,149958,Remote,true
2875,Mary Thomas,Design,Staff Software Engineer,2025-07-22,200189,London,false
2876,James Howard,Support,Junior QA Engineer,2025-07-25,81004,Singapore,false
2877,Justin Bailey,Sales,Business Analyst,2025-07-27,129629,London,false
2878,Brenda Ward,Sales,Staff Solutions Architect,2025-07-30,216595,Seattle,false
2879,Stephen Moore,Finance,Solutions Architect,2025-08-02,115453,Seattle,false
2880,Dorothy Gutierrez,Finance,Head of Content Strategist,2025-08-04,220112,Berlin,false
2881,George Howard,Legal,Staff Business Analyst,2025-08-07,190112,Austin,false
2882,Nancy Cook,Operations,Software Engineer,2025-08-10,112057,Seattle,false
2883,Anna Gomez,Sales,Legal Counsel,2025-08-13,110166,Austin,false
2884,Yuki Roberts,Design,Software Engineer,2025-08-15,113009,Austin,false
2885,Ahmed Ramirez,Legal,Content Strategist,2025-08-18,127747,Boston,false
2886,Samuel Lopez,Engineering,Senior Software Engineer,2025-08-21,135525,Berlin,false
2887,Margaret Edwards,Support,Senior HR Coordinator,2025-08-24,174105,Boston,false
2888,Paul Torres,Sales,Senior Customer Success Manager,2025-08-26,182506,Austin,false
2889,Ryan Mitchell,Finance,Staff Content Strategist,2025-08-29,225926,Bengaluru,false
2890,Matthew Williams,Operations,Senior Account Manager,2025-09-01,157136,Berlin,false
2891,Kevin Cox,People,Content Strategist,2025-09-04,89093,Bengaluru,false
2892,Nancy Williams,Operations,Senior Product Manager,2025-09-06,178534,Seattle,false
2893,Alexander Turner,Design,Senior Technical Writer,2025-09-09,133899,Austin,false
2894,Kathleen Howard,Marketing,Senior Financial Analyst,2025-09-12,185953,Austin,false
2895,Matthew Lee,Design,Legal Counsel,2025-09-15,130612,Berlin,false
2896,Kathleen Hill,Legal,QA Engineer,2025-09-17,104931,London,false
2897,Amit Miller,People,Financial Analyst,2025-09-20,88843,Remote,true
2898,Linda Rivera,Operations,Senior Operations Manager,2025-09-23,137715,Berlin,false
2899,Rebecca Harris,People,QA Engineer,2025-09-25,133104,Boston,false
2900,Gregory Wilson,People,Senior Project Manager,2025-09-28,173794,Bengaluru,false
2901,Charles Hernandez,Operations,Staff Data Analyst,2025-10-01,190907,Berlin,false
2902,Sofia Taylor,Engineering,HR Coordinator,2025-10-04,105162,Austin,false
2903,Rachel Robinson,Engineering,Staff DevOps Engineer,2025-10-06,233034,Bengaluru,false
2904,Jonathan Gutierrez,People,Senior Legal Counsel,2025-10-09,134645,Boston,false
2905,Rachel King,Operations,Senior Sales Representative,2025-10-12,171707,Singapore,false
2906,Katherine Singh,People,Account Manager,2025-10-15,125169,Berlin,false
2907,Yuki Carter,Sales,Senior Software Engineer,2025-10-17,166097,Singapore,false
2908,Priya Johnson,Sales,Junior Data Analyst,2025-10-20,66865,Berlin,false
2909,Nicole White,Support,Staff Legal Counsel,2025-10-23,180430,London,false
2910,Amanda Allen,Support,Staff Technical Writer,2025-10-26,216958,Austin,false
2911,Andrew Martinez,Operations,Staff UX Designer,2025-10-28,227936,Seattle,false
2912,Emma Thompson,Design,Senior DevOps Engineer,2025-10-31,174499,London,false
2913,Amanda Perez,Support,Staff Recruiter,2025-11-03,230347,Remote,true
2914,Anthony Mitchell,Marketing,Support Engineer,2025-11-06,101264,Remote,true
2915,Anthony Stewart,Support,Business Analyst,2025-11-08,107951,Berlin,false
2916,Ahmed Harris,Engineering,Technical Writer,2025-11-11,99342,Remote,true
2917,Samuel Baker,People,Senior Support Engineer,2025-11-14,172920,Remote,true
2918,Joshua Reed,Finance,Staff Recruiter,2025-11-17,179557,Boston,false
2919,Aisha Wilson,Marketing,Junior QA Engineer,2025-11-19,78764,London,false
2920,James King,People,UX Designer,2025-11-22,89597,Remote,true
2921,Kathleen Gomez,Support,Staff Software Engineer,2025-11-25,198722,Singapore,false
2922,Brandon White,Sales,Data Analyst,2025-11-27,96240,Boston,false
2923,Jessica Lewis,Support,Senior HR Coordinator,2025-11-30,153303,Remote,true
2924,Deborah Lewis,Operations,Senior Data Analyst,2025-12-03,131170,Seattle,false
2925,Jonathan Chen,Finance,Junior DevOps Engineer,2025-12-06,85054,Berlin,false
2926,Eric Rivera,Engineering,Staff Support Engineer,2025-12-08,175582,Bengaluru,false
2927,Brian Morris,Legal,Staff Marketing Specialist,2025-12-11,189561,Seattle,false
2928,Carol Gonzalez,Operations,Account Manager,2025-12-14,136430,Bengaluru,false
2929,Sandra Edwards,People,Research Scientist,2025-12-17,103086,London,false
2930,Ivan Walker,Marketing,Junior Financial Analyst,2025-12-19,85571,Remote,true
2931,Gregory Gomez,Finance,Product Manager,2025-12-22,99054,Berlin,false
2932,William Gonzalez,Design,Staff DevOps Engineer,2025-12-25,214673,Austin,false
2933,Hana Ramirez,People,Staff Technical Writer,2025-12-28,184082,London,false
2934,Daniel Roberts,Engineering,Recruiter,2025-12-30,95793,Bengaluru,false
2935,Lisa Anderson,Marketing,Office Manager,2026-01-02,116519,Bengaluru,false
2936,Justin Scott,Engineering,Senior Customer Success Manager,2026-01-05,168635,Boston,false
2937,Christine Ortiz,Finance,Technical Writer,2026-01-08,110232,Berlin,false
2938,Kimberly Edwards,Marketing,Senior Controller,2026-01-10,185891,Singapore,false
2939,Stephanie Roberts,Legal,Operations Manager,2026-01-13,111859,Berlin,false
2940,Kenneth Anderson,Sales,Junior Account Manager,2026-01-16,70377,Bengaluru,false
2941,Christopher Edwards,Support,Head of Operations Manager,2026-01-18,232033,Boston,false
2942,Timothy Gomez,Sales,Senior Project Manager,2026-01-21,140115,Berlin,false
2943,Brandon Nguyen,Marketing,Head of QA Engineer,2026-01-24,233689,Boston,false
2944,Jonathan Ward,People,Senior Solutions Architect,2026-01-27,154453,Singapore,false
2945,Matthew Campbell,People,Staff Solutions Architect,2026-01-29,218520,Bengaluru,false
2946,Jason Scott,Support,Staff Research Scientist,2026-02-01,173437,Berlin,false
2947,Karen Reed,Finance,Senior Marketing Specialist,2026-02-04,151971,Singapore,false
2948,Emma Martinez,Marketing,Senior Recruiter,2026-02-07,158415,Remote,true
2949,Ahmed Murphy,Finance,Staff Content Strategist,2026-02-09,185066,Seattle,false
2950,Fatima Scott,Operations,Staff DevOps Engineer,2026-02-12,178631,Boston,false
2951,Charles Hall,Finance,Product Manager,2026-02-15,102092,Austin,false
2952,Omar Sanchez,People,Staff Office Manager,2026-02-18,202337,Singapore,false
2953,Elizabeth Wright,Legal,Senior Software Engineer,2026-02-20,143119,Berlin,false
2954,Kevin Gomez,Operations,Senior Solutions Architect,2026-02-23,149750,Singapore,false
2955,Jessica Rivera,Support,Customer Success Manager,2026-02-26,103401,Bengaluru,false
2956,Christine Ramos,Sales,Business Analyst,2026-03-01,109715,Bengaluru,false
2957,Elizabeth Chen,Operations,Staff Technical Writer,2026-03-03,216784,Austin,false
2958,Betty Cook,People,Staff Solutions Architect,2026-03-06,231695,London,false
2959,Benjamin Parker,Engineering,Junior Office Manager,2026-03-09,68451,Austin,false
2960,Jennifer Hill,Sales,Senior Content Strategist,2026-03-11,136253,Boston,false
2961,Steven Brown,Operations,Staff Legal Counsel,2026-03-14,188564,Singapore,false
2962,Emma Scott,Engineering,Senior Solutions Architect,2026-03-17,175064,Berlin,false
2963,Jacob Cook,Finance,Project Manager,2026-03-20,131845,London,false
2964,Jennifer Bailey,People,Customer Success Manager,2026-03-22,128193,Seattle,false
2965,Kathleen Reyes,Sales,Senior Project Manager,2026-03-25,152538,Berlin,false
2966,Pamela Campbell,Engineering,Staff Account Manager,2026-03-28,192499,Singapore,false
2967,Hana Ward,Finance,Senior Recruiter,2026-03-31,144877,London,false
2968,Nancy Nguyen,Marketing,Senior Solutions Architect,2026-04-02,139096,Remote,true
2969,Shirley Baker,Marketing,Recruiter,2026-04-05,97195,Boston,false
2970,Alexander Ali,People,Senior Software Engineer,2026-04-08,142145,London,false
2971,Kathleen Phillips,Operations,Customer Success Manager,2026-04-11,124650,Bengaluru,false
2972,Donna Jackson,Legal,Product Manager,2026-04-13,111272,Berlin,false
2973,Samuel Thompson,Legal,Senior Product Manager,2026-04-16,165249,Berlin,false
2974,Mark Flores,Marketing,Staff Operations Manager,2026-04-19,218432,Singapore,false
2975,Mark Perez,Engineering,Operations Manager,2026-04-22,89140,Seattle,false
2976,Debra Cook,Support,Head of Sales Representative,2026-04-24,263879,Boston,false
2977,Rachel Hill,Operations,Head of Recruiter,2026-04-27,214576,Bengaluru,false
2978,Christopher Peterson,Finance,Project Manager,2026-04-30,93516,Berlin,false
2979,Melissa Adams,Legal,Senior Recruiter,2026-05-03,170445,Boston,false
2980,Kathleen Campbell,Marketing,Senior Research Scientist,2026-05-05,153050,Remote,true
2981,William Gomez,Marketing,Staff Software Engineer,2026-05-08,187640,Boston,false
2982,Barbara Singh,People,Senior Customer Success Manager,2026-05-11,162242,Bengaluru,false
2983,Lucas Walker,Operations,Staff Operations Manager,2026-05-13,172446,Seattle,false
2984,Anna Bailey,People,Senior Account Manager,2026-05-16,150108,Remote,true
2985,Robert Martinez,Support,Senior QA Engineer,2026-05-19,181997,Remote,true
2986,Laura Ortiz,People,Staff Recruiter,2026-05-22,221292,Remote,true
2987,Donald Wright,Legal,Project Manager,2026-05-24,125379,Remote,true
2988,Jennifer Cooper,Design,Account Manager,2026-05-27,89409,Berlin,false
2989,Joseph Ramos,Marketing,Data Analyst,2026-05-30,132344,Remote,true
2990,Robert Thomas,Finance,Senior Data Analyst,2026-06-02,132061,Seattle,false
2991,Kathleen Wright,Engineering,Software Engineer,2026-06-04,130089,Remote,true
2992,Fatima Green,Sales,Head of Data Analyst,2026-06-07,211485,Bengaluru,false
2993,Nicholas Hill,Support,Staff Support Engineer,2026-06-10,214668,Bengaluru,false
2994,Brian Howard,Design,Customer Success Manager,2026-06-13,88622,Bengaluru,false
2995,Eric Gutierrez,Design,QA Engineer,2026-06-15,99654,Remote,true
2996,Anna Nelson,Operations,Office Manager,2026-06-18,122420,Austin,false
2997,Karen Hill,Engineering,Senior Marketing Specialist,2026-06-21,145941,London,false
2998,Charles Johnson,Finance,Head of DevOps Engineer,2026-06-24,270144,Seattle,false
2999,Fatima Lewis,Operations,Legal Counsel,2026-06-26,130662,Austin,false
3000,Betty Collins,Support,Senior Marketing Specialist,2026-06-29,142730,Austin,false
